{
    "temp_therm_1": [
        293.8940197013988,
        294.14808672196637,
        294.32798861410464,
        294.4774128842014,
        293.8940197013988,
        294.14808672196637,
        294.32798861410464,
        294.4774128842014,
        294.610541037898,
        294.73313150217126,
        294.84788599865584,
        294.9562863277037
    ],
    "temp_therm_2": [
        293.1501848512506,
        293.1548179445899,
        293.167430133514,
        293.18677402365023,
        293.1501848512506,
        293.1548179445899,
        293.167430133514,
        293.18677402365023,
        293.21150544162936,
        293.24060553566676,
        293.2732238792041,
        293.30863657476004
    ],
    "temp_therm_laser": [
        293.15000000000276,
        293.15000024667495,
        293.1500156861462,
        293.1501458237661,
        293.15000000000276,
        293.15000024667495,
        293.1500156861462,
        293.1501458237661,
        293.1506108527692,
        293.1516922901998,
        293.15366669591856,
        293.1567698204196
    ],
    "Energie_list": [
        7694.731644331743,
        7696.027345176952,
        7697.315670247572,
        7698.596642970833,
        7694.731644331743,
        7696.027345176952,
        7697.315670247572,
        7698.596642970833,
        7699.87030470647,
        7701.136701950272,
        7702.395881924065,
        7703.647891119187
    ]
}