{
    "temp_therm_1": [
        283.43729142877265,
        275.9949781327097,
        270.37856442120096
    ],
    "temp_therm_2": [
        284.88719872870905,
        277.7903085639887,
        272.3127828666597
    ],
    "temp_therm_laser": [
        283.4190825005091,
        275.9714159014975,
        270.3558980402145
    ],
    "Energie_list": [
        14874.04249643504,
        14487.003431719939,
        14194.839893724205
    ]
}