{
    "temp_therm_1": [
        284.88719872870905,
        277.7903085639887,
        272.3127828666597,
        268.1291973712427,
        264.9463260232368,
        262.529831491559,
        260.69763280246696,
        259.30975717604565,
        258.25918477258847,
        257.46435980741194
    ],
    "temp_therm_2": [
        283.56029894084736,
        276.29964974601415,
        270.7816838088964,
        266.5786562177536,
        263.37775436759523,
        260.942801034349,
        259.0929305653182,
        257.689229618539,
        256.6251522858948,
        255.81918238680015
    ],
    "temp_therm_laser": [
        283.55093693355695,
        276.2460302857852,
        270.68388745374557,
        266.4525851955576,
        263.23737000886246,
        260.79697034120005,
        258.9465063819814,
        257.54454508828087,
        256.4831133700163,
        255.6799463808222
    ],
    "Energie_list": [
        14874.04249643504,
        14487.003431719939,
        14194.839893724205,
        13974.277990447004,
        13807.761928768043,
        13682.044119461054,
        13587.126081107186,
        13515.460705751293,
        13461.35080069712,
        13420.495399740323
    ]
}